00000000000000000001ca8389bc92682013e08e3e6fd5db06ce93a75b8cd1a6,853890,25.07.2024 16:46:27,000000000000000000020ed65e7116297a90f7988e226dea7bc97a2287fd4bdb,9fbc7e3dabf52402548bcad4a9f4243984536308482fdeb7777bf1486c9248e8,2044

TxHash
8bf1a2b6a56f745d011b5c9887c1cf3f930ef3d299870981a44a97672897a640
8659eb2ce65291027ef808127a5f0d7dd0f7cdf156ba709ea18f9d0125ee80ae
7bc200324db19df3d67a618a04da91458b2216a9faad8d3b3cfcbb94dc3222dc
56616d7061977e5b0dea22958a643d8a33387a917e4c5f7669135a498314b782
aa428eec642b4ffaddd729d2d0612a8b29e8b1f0827e645c5da62d26de82c4d0
18c33a89bd0bbf66a9bc248958190e7e762216addd386b4eb8ee8d2673903f3f
48ed02d45a8ed42f35bfc164e219eeb7185e780ed18cd976347950ef992eb870
8f52c4644b07e69c10e554eb15c1560ea80c19d12a7c534b5d8dd794fbddfdc7
9f638b05d97dd81fe08b3f1b0d357c22bc8f2fc95c8f536ba119a2e2b7c0f263
f824817b3dbdf450622ad2c73298e05c068ad8ccf6e883972f9344847baa8b90
4d4efd684215ae57e026a5e06ab60f61c1ac69806dc66d153a213325f097706d
d67578098b4f18e5ab62ea83b068a24d4f50f8482f81b3fcec4a2908833246ed
da20caab07c538810a1b0b8121b367e5478111cd6fdd5d98863eb45c86570f25
8ce013585524d55f999804963eadcb75d4dd2aef84bab5ffb67b0a05ffe984d8
39e262a6ad61d1206cde7e75789d7b0c250b7ca7993c940594024e52cbabb515
6f8ffe75475e2ce227bd2a104cb82700d8fbbe874e0fc091a6facd8b4a180319
eeeb251eded0fd1be747c13dc4d9a8d0efc667fa5f770eb285d3a4771deb2c62
ebc0a685064aef31976829e70ebef2ef55f02d8e63e4d0e9ab97205218e66fe0
ac3d41c5e434eaf20e1e5bb9562397648b8691afbf234bedc1b67c35a1dae63d
fed2031c188f39a9c2a317b75f899c7280aec361ec84a8ef2805bd2043abaae5
